[ 
    {"nome": "Afghanistan", "codigo": "AF"}, 
    {"nome": "Åland Islands", "codigo": "AX"}, 
    {"nome": "Albania", "codigo": "AL"}, 
    {"nome": "Algeria", "codigo": "DZ"}, 
    {"nome": "American Samoa", "codigo": "AS"}, 
    {"nome": "AndorrA", "codigo": "AD"}, 
    {"nome": "Angola", "codigo": "AO"}, 
    {"nome": "Anguilla", "codigo": "AI"}, 
    {"nome": "Antarctica", "codigo": "AQ"}, 
    {"nome": "Antigua and Barbuda", "codigo": "AG"}, 
    {"nome": "Argentina", "codigo": "AR"}, 
    {"nome": "Armenia", "codigo": "AM"}, 
    {"nome": "Aruba", "codigo": "AW"}, 
    {"nome": "Australia", "codigo": "AU"}, 
    {"nome": "Austria", "codigo": "AT"}, 
    {"nome": "Azerbaijan", "codigo": "AZ"}, 
    {"nome": "Bahamas", "codigo": "BS"}, 
    {"nome": "Bahrain", "codigo": "BH"}, 
    {"nome": "Bangladesh", "codigo": "BD"}, 
    {"nome": "Barbados", "codigo": "BB"}, 
    {"nome": "Belarus", "codigo": "BY"}, 
    {"nome": "Belgium", "codigo": "BE"}, 
    {"nome": "Belize", "codigo": "BZ"}, 
    {"nome": "Benin", "codigo": "BJ"}, 
    {"nome": "Bermuda", "codigo": "BM"}, 
    {"nome": "Bhutan", "codigo": "BT"}, 
    {"nome": "Bolivia", "codigo": "BO"}, 
    {"nome": "Bosnia and Herzegovina", "codigo": "BA"}, 
    {"nome": "Botswana", "codigo": "BW"}, 
    {"nome": "Bouvet Island", "codigo": "BV"}, 
    {"nome": "Brazil", "codigo": "BR"}, 
    {"nome": "British Indian Ocean Territory", "codigo": "IO"}, 
    {"nome": "Brunei Darussalam", "codigo": "BN"}, 
    {"nome": "Bulgaria", "codigo": "BG"}, 
    {"nome": "Burkina Faso", "codigo": "BF"}, 
    {"nome": "Burundi", "codigo": "BI"}, 
    {"nome": "Cambodia", "codigo": "KH"}, 
    {"nome": "Cameroon", "codigo": "CM"}, 
    {"nome": "Canada", "codigo": "CA"}, 
    {"nome": "Cape Verde", "codigo": "CV"}, 
    {"nome": "Cayman Islands", "codigo": "KY"}, 
    {"nome": "Central African Republic", "codigo": "CF"}, 
    {"nome": "Chad", "codigo": "TD"}, 
    {"nome": "Chile", "codigo": "CL"}, 
    {"nome": "China", "codigo": "CN"}, 
    {"nome": "Christmas Island", "codigo": "CX"}, 
    {"nome": "Cocos (Keeling) Islands", "codigo": "CC"}, 
    {"nome": "Colombia", "codigo": "CO"}, 
    {"nome": "Comoros", "codigo": "KM"}, 
    {"nome": "Congo", "codigo": "CG"}, 
    {"nome": "Congo, The Democratic Republic of the", "codigo": "CD"}, 
    {"nome": "Cook Islands", "codigo": "CK"}, 
    {"nome": "Costa Rica", "codigo": "CR"}, 
    {"nome": "Cote D'Ivoire", "codigo": "CI"}, 
    {"nome": "Croatia", "codigo": "HR"}, 
    {"nome": "Cuba", "codigo": "CU"}, 
    {"nome": "Cyprus", "codigo": "CY"}, 
    {"nome": "Czech Republic", "codigo": "CZ"}, 
    {"nome": "Denmark", "codigo": "DK"}, 
    {"nome": "Djibouti", "codigo": "DJ"}, 
    {"nome": "Dominica", "codigo": "DM"}, 
    {"nome": "Dominican Republic", "codigo": "DO"}, 
    {"nome": "Ecuador", "codigo": "EC"}, 
    {"nome": "Egypt", "codigo": "EG"}, 
    {"nome": "El Salvador", "codigo": "SV"}, 
    {"nome": "Equatorial Guinea", "codigo": "GQ"}, 
    {"nome": "Eritrea", "codigo": "ER"}, 
    {"nome": "Estonia", "codigo": "EE"}, 
    {"nome": "Ethiopia", "codigo": "ET"}, 
    {"nome": "Falkland Islands (Malvinas)", "codigo": "FK"}, 
    {"nome": "Faroe Islands", "codigo": "FO"}, 
    {"nome": "Fiji", "codigo": "FJ"}, 
    {"nome": "Finland", "codigo": "FI"}, 
    {"nome": "France", "codigo": "FR"}, 
    {"nome": "French Guiana", "codigo": "GF"}, 
    {"nome": "French Polynesia", "codigo": "PF"}, 
    {"nome": "French Southern Territories", "codigo": "TF"}, 
    {"nome": "Gabon", "codigo": "GA"}, 
    {"nome": "Gambia", "codigo": "GM"}, 
    {"nome": "Georgia", "codigo": "GE"}, 
    {"nome": "Germany", "codigo": "DE"}, 
    {"nome": "Ghana", "codigo": "GH"}, 
    {"nome": "Gibraltar", "codigo": "GI"}, 
    {"nome": "Greece", "codigo": "GR"}, 
    {"nome": "Greenland", "codigo": "GL"}, 
    {"nome": "Grenada", "codigo": "GD"}, 
    {"nome": "Guadeloupe", "codigo": "GP"}, 
    {"nome": "Guam", "codigo": "GU"}, 
    {"nome": "Guatemala", "codigo": "GT"}, 
    {"nome": "Guernsey", "codigo": "GG"}, 
    {"nome": "Guinea", "codigo": "GN"}, 
    {"nome": "Guinea-Bissau", "codigo": "GW"}, 
    {"nome": "Guyana", "codigo": "GY"}, 
    {"nome": "Haiti", "codigo": "HT"}, 
    {"nome": "Heard Island and Mcdonald Islands", "codigo": "HM"}, 
    {"nome": "Holy See (Vatican City State)", "codigo": "VA"}, 
    {"nome": "Honduras", "codigo": "HN"}, 
    {"nome": "Hong Kong", "codigo": "HK"}, 
    {"nome": "Hungary", "codigo": "HU"}, 
    {"nome": "Iceland", "codigo": "IS"}, 
    {"nome": "India", "codigo": "IN"}, 
    {"nome": "Indonesia", "codigo": "ID"}, 
    {"nome": "Iran, Islamic Republic Of", "codigo": "IR"}, 
    {"nome": "Iraq", "codigo": "IQ"}, 
    {"nome": "Ireland", "codigo": "IE"}, 
    {"nome": "Isle of Man", "codigo": "IM"}, 
    {"nome": "Israel", "codigo": "IL"}, 
    {"nome": "Italy", "codigo": "IT"}, 
    {"nome": "Jamaica", "codigo": "JM"}, 
    {"nome": "Japan", "codigo": "JP"}, 
    {"nome": "Jersey", "codigo": "JE"}, 
    {"nome": "Jordan", "codigo": "JO"}, 
    {"nome": "Kazakhstan", "codigo": "KZ"}, 
    {"nome": "Kenya", "codigo": "KE"}, 
    {"nome": "Kiribati", "codigo": "KI"}, 
    {"nome": "Korea, Democratic People'S Republic of", "codigo": "KP"}, 
    {"nome": "Korea, Republic of", "codigo": "KR"}, 
    {"nome": "Kuwait", "codigo": "KW"}, 
    {"nome": "Kyrgyzstan", "codigo": "KG"}, 
    {"nome": "Lao People'S Democratic Republic", "codigo": "LA"}, 
    {"nome": "Latvia", "codigo": "LV"}, 
    {"nome": "Lebanon", "codigo": "LB"}, 
    {"nome": "Lesotho", "codigo": "LS"}, 
    {"nome": "Liberia", "codigo": "LR"}, 
    {"nome": "Libyan Arab Jamahiriya", "codigo": "LY"}, 
    {"nome": "Liechtenstein", "codigo": "LI"}, 
    {"nome": "Lithuania", "codigo": "LT"}, 
    {"nome": "Luxembourg", "codigo": "LU"}, 
    {"nome": "Macao", "codigo": "MO"}, 
    {"nome": "Macedonia, The Former Yugoslav Republic of", "codigo": "MK"}, 
    {"nome": "Madagascar", "codigo": "MG"}, 
    {"nome": "Malawi", "codigo": "MW"}, 
    {"nome": "Malaysia", "codigo": "MY"}, 
    {"nome": "Maldives", "codigo": "MV"}, 
    {"nome": "Mali", "codigo": "ML"}, 
    {"nome": "Malta", "codigo": "MT"}, 
    {"nome": "Marshall Islands", "codigo": "MH"}, 
    {"nome": "Martinique", "codigo": "MQ"}, 
    {"nome": "Mauritania", "codigo": "MR"}, 
    {"nome": "Mauritius", "codigo": "MU"}, 
    {"nome": "Mayotte", "codigo": "YT"}, 
    {"nome": "Mexico", "codigo": "MX"}, 
    {"nome": "Micronesia, Federated States of", "codigo": "FM"}, 
    {"nome": "Moldova, Republic of", "codigo": "MD"}, 
    {"nome": "Monaco", "codigo": "MC"}, 
    {"nome": "Mongolia", "codigo": "MN"}, 
    {"nome": "Montserrat", "codigo": "MS"}, 
    {"nome": "Morocco", "codigo": "MA"}, 
    {"nome": "Mozambique", "codigo": "MZ"}, 
    {"nome": "Myanmar", "codigo": "MM"}, 
    {"nome": "Namibia", "codigo": "NA"}, 
    {"nome": "Nauru", "codigo": "NR"}, 
    {"nome": "Nepal", "codigo": "NP"}, 
    {"nome": "Netherlands", "codigo": "NL"}, 
    {"nome": "Netherlands Antilles", "codigo": "AN"}, 
    {"nome": "New Caledonia", "codigo": "NC"}, 
    {"nome": "New Zealand", "codigo": "NZ"}, 
    {"nome": "Nicaragua", "codigo": "NI"}, 
    {"nome": "Niger", "codigo": "NE"}, 
    {"nome": "Nigeria", "codigo": "NG"}, 
    {"nome": "Niue", "codigo": "NU"}, 
    {"nome": "Norfolk Island", "codigo": "NF"}, 
    {"nome": "Northern Mariana Islands", "codigo": "MP"}, 
    {"nome": "Norway", "codigo": "NO"}, 
    {"nome": "Oman", "codigo": "OM"}, 
    {"nome": "Pakistan", "codigo": "PK"}, 
    {"nome": "Palau", "codigo": "PW"}, 
    {"nome": "Palestinian Territory, Occupied", "codigo": "PS"}, 
    {"nome": "Panama", "codigo": "PA"}, 
    {"nome": "Papua New Guinea", "codigo": "PG"}, 
    {"nome": "Paraguay", "codigo": "PY"}, 
    {"nome": "Peru", "codigo": "PE"}, 
    {"nome": "Philippines", "codigo": "PH"}, 
    {"nome": "Pitcairn", "codigo": "PN"}, 
    {"nome": "Poland", "codigo": "PL"}, 
    {"nome": "Portugal", "codigo": "PT"}, 
    {"nome": "Puerto Rico", "codigo": "PR"}, 
    {"nome": "Qatar", "codigo": "QA"}, 
    {"nome": "Reunion", "codigo": "RE"}, 
    {"nome": "Romania", "codigo": "RO"}, 
    {"nome": "Russian Federation", "codigo": "RU"}, 
    {"nome": "RWANDA", "codigo": "RW"}, 
    {"nome": "Saint Helena", "codigo": "SH"}, 
    {"nome": "Saint Kitts and Nevis", "codigo": "KN"}, 
    {"nome": "Saint Lucia", "codigo": "LC"}, 
    {"nome": "Saint Pierre and Miquelon", "codigo": "PM"}, 
    {"nome": "Saint Vincent and the Grenadines", "codigo": "VC"}, 
    {"nome": "Samoa", "codigo": "WS"}, 
    {"nome": "San Marino", "codigo": "SM"}, 
    {"nome": "Sao Tome and Principe", "codigo": "ST"}, 
    {"nome": "Saudi Arabia", "codigo": "SA"}, 
    {"nome": "Senegal", "codigo": "SN"}, 
    {"nome": "Serbia and Montenegro", "codigo": "CS"}, 
    {"nome": "Seychelles", "codigo": "SC"}, 
    {"nome": "Sierra Leone", "codigo": "SL"}, 
    {"nome": "Singapore", "codigo": "SG"}, 
    {"nome": "Slovakia", "codigo": "SK"}, 
    {"nome": "Slovenia", "codigo": "SI"}, 
    {"nome": "Solomon Islands", "codigo": "SB"}, 
    {"nome": "Somalia", "codigo": "SO"}, 
    {"nome": "South Africa", "codigo": "ZA"}, 
    {"nome": "South Georgia and the South Sandwich Islands", "codigo": "GS"}, 
    {"nome": "Spain", "codigo": "ES"}, 
    {"nome": "Sri Lanka", "codigo": "LK"}, 
    {"nome": "Sudan", "codigo": "SD"}, 
    {"nome": "Suriname", "codigo": "SR"}, 
    {"nome": "Svalbard and Jan Mayen", "codigo": "SJ"}, 
    {"nome": "Swaziland", "codigo": "SZ"}, 
    {"nome": "Sweden", "codigo": "SE"}, 
    {"nome": "Switzerland", "codigo": "CH"}, 
    {"nome": "Syrian Arab Republic", "codigo": "SY"}, 
    {"nome": "Taiwan, Province of China", "codigo": "TW"}, 
    {"nome": "Tajikistan", "codigo": "TJ"}, 
    {"nome": "Tanzania, United Republic of", "codigo": "TZ"}, 
    {"nome": "Thailand", "codigo": "TH"}, 
    {"nome": "Timor-Leste", "codigo": "TL"}, 
    {"nome": "Togo", "codigo": "TG"}, 
    {"nome": "Tokelau", "codigo": "TK"}, 
    {"nome": "Tonga", "codigo": "TO"}, 
    {"nome": "Trinidad and Tobago", "codigo": "TT"}, 
    {"nome": "Tunisia", "codigo": "TN"}, 
    {"nome": "Turkey", "codigo": "TR"}, 
    {"nome": "Turkmenistan", "codigo": "TM"}, 
    {"nome": "Turks and Caicos Islands", "codigo": "TC"}, 
    {"nome": "Tuvalu", "codigo": "TV"}, 
    {"nome": "Uganda", "codigo": "UG"}, 
    {"nome": "Ukraine", "codigo": "UA"}, 
    {"nome": "United Arab Emirates", "codigo": "AE"}, 
    {"nome": "United Kingdom", "codigo": "GB"}, 
    {"nome": "United States", "codigo": "US"}, 
    {"nome": "United States Minor Outlying Islands", "codigo": "UM"}, 
    {"nome": "Uruguay", "codigo": "UY"}, 
    {"nome": "Uzbekistan", "codigo": "UZ"}, 
    {"nome": "Vanuatu", "codigo": "VU"}, 
    {"nome": "Venezuela", "codigo": "VE"}, 
    {"nome": "Viet Nam", "codigo": "VN"}, 
    {"nome": "Virgin Islands, British", "codigo": "VG"}, 
    {"nome": "Virgin Islands, U.S.", "codigo": "VI"}, 
    {"nome": "Wallis and Futuna", "codigo": "WF"}, 
    {"nome": "Western Sahara", "codigo": "EH"}, 
    {"nome": "Yemen", "codigo": "YE"}, 
    {"nome": "Zambia", "codigo": "ZM"}, 
    {"nome": "Zimbabwe", "codigo": "ZW"} 
  ]